logo-beauty-bar	88a45dec-86fa-425a-b493-9306fdb8a4da/No+background+or+water+color+gold+texture+text.png
samantha-camel	4aa3de31-9f04-4521-9c5e-5b3362d71b4a/370482793_2081531742186209_5740457168654478967_n.jpg
jennifer-wiseman	f692b34d-ab84-4406-b4e8-d0e1834fcf38/336374966_1177898756262401_8340202212700536781_n.jpg
jazzmine-villegas	28659d28-bc9c-4656-8aee-8d7a7b9ebd8e/a2aabe77-1f49-4451-8140-65aad0e970cf.jfif
spray-tan-salon	05090760-482e-4f65-90ab-abb6be6df683/bronze+beauties+spray+tan.jpeg
spray-tan-results	af0bb815-4212-4d10-81cc-b99611bfc458/IMG_4835.jpeg
spray-tan-editorial	1673373994326-M3Z79FG7S18T5UACK1JD/IMG_3346.jpeg
lashes-1	1bd2b82c-e0a3-4499-a90c-4b03ee8db08b/84f03259-5912-42b9-b39a-3e39dc095c8c.jpeg
lashes-2	6c3fa3d8-f208-4444-968a-61d13b0741ed/7017694c-7b43-44c2-a266-c8eca22da02e.jpeg
lashes-3	0a3db76b-4142-4b05-9f80-66305dc5fb23/91171e28-8a3d-4781-a543-20c454e5cd48.jpeg
lashes-4	358d7c22-315f-4822-946d-0b3ae715db39/d8750a38-6d56-4784-a45b-532365900b7b.jpeg
lashes-5	bc121c24-0819-4aca-a0b0-a576d45bce73/d3e94891-6aed-47bc-bfbb-290831c4198d.jpeg
facial-1	78e1e535-eab4-4129-89b7-f25df2ca6eb8/74ebda4e-294f-48b0-adc4-e5aed9351f04.jpeg
teeth-1	72a1ebb8-bf07-406a-bb1e-8ad47a83f96d/354DE076-32C0-46CA-A93A-528A6AAE2E84.jpeg
teeth-2	faf7a464-fa70-4b5f-90b0-b018ace973ce/0034E30A-89F3-4BEF-AC8B-5F9BBD48383D.jpeg
nails-01	43eddfcf-8282-4926-8977-3a130f3df506/nails+bronze+beauties.jpeg
nails-02	59259a2a-def7-41c4-8185-56a3195cd175/pink+nails.jpeg
nails-03	31974a60-fd33-4459-91d0-e69713a9d9c8/IMG_6141.jpeg
nails-04	4ce9600c-92a5-4e1e-8b61-fc5af2fe61a4/IMG_6158.jpeg
nails-05	f9620284-853d-44c0-8114-7834b8f3de0f/IMG_6313.jpeg
nails-06	ec07b4fd-a7dd-4942-bcf4-43d0af1c26da/IMG_6361.jpeg
nails-07	9e4a4e77-a0e9-4810-a36e-695a3541ef2d/IMG_6482.jpeg
nails-08	cb5762ef-356d-4625-8720-fa739cf7c7bc/6B6E3924-5C1E-4126-BDA0-4D7C0D87460A.jpeg
nails-09	ecbb402b-2c9c-41ca-a3f0-17240558dd1c/IMG_6618.jpeg
nails-10	624033ad-fc48-41aa-9637-78d73e63538d/IMG_6635.jpeg
nails-11	576b0555-2a5f-44ff-bae4-4650762c3ece/IMG_5239.jpeg
nails-12	99f32dfe-b906-4dad-a865-c2a581a83bd7/IMG_5496.jpeg
nails-13	3e699217-ca99-4af2-90a0-80762fb0fcd6/IMG_5772.jpeg
nails-14	907eea6a-c4f0-4008-b00b-a3d7497e918b/IMG_5748.jpeg
nails-15	a5f2f587-f11f-409d-aeee-327b31e7476b/IMG_5880.jpeg
nails-16	ed36869e-0807-47b0-ae19-1303ee70c477/IMG_6032.jpeg
nails-17	d29e73b9-6953-464b-b2bc-ecf9954771fd/IMG_6059.jpeg
nails-18	11821ee6-384f-4ea7-b0d9-900fd086ecbb/IMG_5969.jpeg
